,Fx,Fy,Fz,|F|,θ
Units,eV/ang,eV/ang,eV/ang,eV/ang,°
Root Mean Squared Error,0.0,2.3157648785176117,1.064561366243726,2.548524300845518,13.506049833624925
Mean Absolute Error,0.0,1.6425033907142135,0.7028726123700905,1.851148353728859,1.4456926079821786
Max Absolute Error,0.0,5.9314359375966905,3.504352238423975,5.935714218030605,180.0
r²,,0.997418392325373,0.8887691401023508,0.8222367925550244,0.9422759972995559
Variance of Log Absolute Error,,,3.9138418222525018,5.19534471601436,
Linear Fit Slope,,1.9062105815622565,1.2830051040900885,1.7209233525720349,0.9717188344936489
Linear Fit y-Intercept,,1.0095554103513712e-16,-0.030737921416114034,-0.19488721159089722,2.602049355233688
